<?xml version="1.0"?>
<!--
Usando XML crea un fichero (ex3.xml) El fichero nos servirá para representar el 
directorio de direcciones de una empresa. Para organizar dicho directorio debo 
guardar los distintos edificios que componen una empresa. De los edificios la 
información que nos interesa es la dirección y el número de plantas. Dentro de 
cada edificio debemos guardar información de las plantas, su número y el número 
cuadrados de cada uno de ellas.

Una vez ya estemos dentro de las plantas debemos guardar la información  de los 
empleados. De ellos guardaremos su puesto, sus datos personales y la extensión 
telefónica de su puesto.

El archivo contendrá al menos 3 de edificios de al menos 3 plantas cada uno y 
al menos 5 empleados por planta.
-->

<empresa>
    <edificio>
        <nombee>edificio1</nombee>
        <direccion>direccion</direccion>
        <numerotelefono>000000000</numerotelefono>
        <metroscuadrados>metroscuadrados</metroscuadrados>
        <plantas>
            <planta>
                <nombre>planta1</nombre>
                <empleados>
                    <empleado>
                        <nombre>empleado1</nombre>
                        <puesto>puesto</puesto>
                        <datos>datos</datos>
                        <extensiontelefonica>000</extensiontelefonica>
                    </empleado>
                    <empleado>
                        <nombre>empleado2</nombre>
                        <puesto>puesto</puesto>
                        <datos>datos</datos>
                        <extensiontelefonica>000</extensiontelefonica>
                    </empleado>
                    <empleado>
                        <nombre>empleado3</nombre>
                        <puesto>puesto</puesto>
                        <datos>datos</datos>
                        <extensiontelefonica>000</extensiontelefonica>
                    </empleado>
                    <empleado>
                        <nombre>empleado4</nombre>
                        <puesto>puesto</puesto>
                        <datos>datos</datos>
                        <extensiontelefonica>000</extensiontelefonica>
                    </empleado>
                    <empleado>
                        <nombre>empleado5</nombre>
                        <puesto>puesto</puesto>
                        <datos>datos</datos>
                        <extensiontelefonica>000</extensiontelefonica>
                    </empleado>
                </empleados>
            </planta>
            <planta>
                <nombre>planta2</nombre>
                <empleados>
                    <empleado>
                        <nombre>empleado1</nombre>
                        <puesto>puesto</puesto>
                        <datos>datos</datos>
                        <extensiontelefonica>000</extensiontelefonica>
                    </empleado>
                    <empleado>
                        <nombre>empleado2</nombre>
                        <puesto>puesto</puesto>
                        <datos>datos</datos>
                        <extensiontelefonica>000</extensiontelefonica>
                    </empleado>
                    <empleado>
                        <nombre>empleado3</nombre>
                        <puesto>puesto</puesto>
                        <datos>datos</datos>
                        <extensiontelefonica>000</extensiontelefonica>
                    </empleado>
                    <empleado>
                        <nombre>empleado4</nombre>
                        <puesto>puesto</puesto>
                        <datos>datos</datos>
                        <extensiontelefonica>000</extensiontelefonica>
                    </empleado>
                    <empleado>
                        <nombre>empleado5</nombre>
                        <puesto>puesto</puesto>
                        <datos>datos</datos>
                        <extensiontelefonica>000</extensiontelefonica>
                    </empleado>
                </empleados>
            </planta>
            <planta>
                <nombre>planta3</nombre>
                <empleados>
                    <empleado>
                        <nombre>empleado1</nombre>
                        <puesto>puesto</puesto>
                        <datos>datos</datos>
                        <extensiontelefonica>000</extensiontelefonica>
                    </empleado>
                    <empleado>
                        <nombre>empleado2</nombre>
                        <puesto>puesto</puesto>
                        <datos>datos</datos>
                        <extensiontelefonica>000</extensiontelefonica>
                    </empleado>
                    <empleado>
                        <nombre>empleado3</nombre>
                        <puesto>puesto</puesto>
                        <datos>datos</datos>
                        <extensiontelefonica>000</extensiontelefonica>
                    </empleado>
                    <empleado>
                        <nombre>empleado4</nombre>
                        <puesto>puesto</puesto>
                        <datos>datos</datos>
                        <extensiontelefonica>000</extensiontelefonica>
                    </empleado>
                    <empleado>
                        <nombre>empleado5</nombre>
                        <puesto>puesto</puesto>
                        <datos>datos</datos>
                        <extensiontelefonica>000</extensiontelefonica>
                    </empleado>
                </empleados>
            </planta>
        </plantas>
    </edificio>
    <edificio>
        <nombee>edificio2</nombee>
        <direccion>direccion</direccion>
        <numerotelefono>000000000</numerotelefono>
        <metroscuadrados>metroscuadrados</metroscuadrados>
        <plantas>
            <planta>
                <nombre>planta1</nombre>
                <empleados>
                    <empleado>
                        <nombre>empleado1</nombre>
                        <puesto>puesto</puesto>
                        <datos>datos</datos>
                        <extensiontelefonica>000</extensiontelefonica>
                    </empleado>
                    <empleado>
                        <nombre>empleado2</nombre>
                        <puesto>puesto</puesto>
                        <datos>datos</datos>
                        <extensiontelefonica>000</extensiontelefonica>
                    </empleado>
                    <empleado>
                        <nombre>empleado3</nombre>
                        <puesto>puesto</puesto>
                        <datos>datos</datos>
                        <extensiontelefonica>000</extensiontelefonica>
                    </empleado>
                    <empleado>
                        <nombre>empleado4</nombre>
                        <puesto>puesto</puesto>
                        <datos>datos</datos>
                        <extensiontelefonica>000</extensiontelefonica>
                    </empleado>
                    <empleado>
                        <nombre>empleado5</nombre>
                        <puesto>puesto</puesto>
                        <datos>datos</datos>
                        <extensiontelefonica>000</extensiontelefonica>
                    </empleado>
                </empleados>
            </planta>
            <planta>
                <nombre>planta2</nombre>
                <empleados>
                    <empleado>
                        <nombre>empleado1</nombre>
                        <puesto>puesto</puesto>
                        <datos>datos</datos>
                        <extensiontelefonica>000</extensiontelefonica>
                    </empleado>
                    <empleado>
                        <nombre>empleado2</nombre>
                        <puesto>puesto</puesto>
                        <datos>datos</datos>
                        <extensiontelefonica>000</extensiontelefonica>
                    </empleado>
                    <empleado>
                        <nombre>empleado3</nombre>
                        <puesto>puesto</puesto>
                        <datos>datos</datos>
                        <extensiontelefonica>000</extensiontelefonica>
                    </empleado>
                    <empleado>
                        <nombre>empleado4</nombre>
                        <puesto>puesto</puesto>
                        <datos>datos</datos>
                        <extensiontelefonica>000</extensiontelefonica>
                    </empleado>
                    <empleado>
                        <nombre>empleado5</nombre>
                        <puesto>puesto</puesto>
                        <datos>datos</datos>
                        <extensiontelefonica>000</extensiontelefonica>
                    </empleado>
                </empleados>
            </planta>
            <planta>
                <nombre>planta3</nombre>
                <empleados>
                    <empleado>
                        <nombre>empleado1</nombre>
                        <puesto>puesto</puesto>
                        <datos>datos</datos>
                        <extensiontelefonica>000</extensiontelefonica>
                    </empleado>
                    <empleado>
                        <nombre>empleado2</nombre>
                        <puesto>puesto</puesto>
                        <datos>datos</datos>
                        <extensiontelefonica>000</extensiontelefonica>
                    </empleado>
                    <empleado>
                        <nombre>empleado3</nombre>
                        <puesto>puesto</puesto>
                        <datos>datos</datos>
                        <extensiontelefonica>000</extensiontelefonica>
                    </empleado>
                    <empleado>
                        <nombre>empleado4</nombre>
                        <puesto>puesto</puesto>
                        <datos>datos</datos>
                        <extensiontelefonica>000</extensiontelefonica>
                    </empleado>
                    <empleado>
                        <nombre>empleado5</nombre>
                        <puesto>puesto</puesto>
                        <datos>datos</datos>
                        <extensiontelefonica>000</extensiontelefonica>
                    </empleado>
                </empleados>
            </planta>
        </plantas>
    </edificio>
    <edificio>
        <nombee>edificio3</nombee>
        <direccion>direccion</direccion>
        <numerotelefono>000000000</numerotelefono>
        <metroscuadrados>metroscuadrados</metroscuadrados>
        <plantas>
            <planta>
                <nombre>planta1</nombre>
                <empleados>
                    <empleado>
                        <nombre>empleado1</nombre>
                        <puesto>puesto</puesto>
                        <datos>datos</datos>
                        <extensiontelefonica>000</extensiontelefonica>
                    </empleado>
                    <empleado>
                        <nombre>empleado2</nombre>
                        <puesto>puesto</puesto>
                        <datos>datos</datos>
                        <extensiontelefonica>000</extensiontelefonica>
                    </empleado>
                    <empleado>
                        <nombre>empleado3</nombre>
                        <puesto>puesto</puesto>
                        <datos>datos</datos>
                        <extensiontelefonica>000</extensiontelefonica>
                    </empleado>
                    <empleado>
                        <nombre>empleado4</nombre>
                        <puesto>puesto</puesto>
                        <datos>datos</datos>
                        <extensiontelefonica>000</extensiontelefonica>
                    </empleado>
                    <empleado>
                        <nombre>empleado5</nombre>
                        <puesto>puesto</puesto>
                        <datos>datos</datos>
                        <extensiontelefonica>000</extensiontelefonica>
                    </empleado>
                </empleados>
            </planta>
            <planta>
                <nombre>planta2</nombre>
                <empleados>
                    <empleado>
                        <nombre>empleado1</nombre>
                        <puesto>puesto</puesto>
                        <datos>datos</datos>
                        <extensiontelefonica>000</extensiontelefonica>
                    </empleado>
                    <empleado>
                        <nombre>empleado2</nombre>
                        <puesto>puesto</puesto>
                        <datos>datos</datos>
                        <extensiontelefonica>000</extensiontelefonica>
                    </empleado>
                    <empleado>
                        <nombre>empleado3</nombre>
                        <puesto>puesto</puesto>
                        <datos>datos</datos>
                        <extensiontelefonica>000</extensiontelefonica>
                    </empleado>
                    <empleado>
                        <nombre>empleado4</nombre>
                        <puesto>puesto</puesto>
                        <datos>datos</datos>
                        <extensiontelefonica>000</extensiontelefonica>
                    </empleado>
                    <empleado>
                        <nombre>empleado5</nombre>
                        <puesto>puesto</puesto>
                        <datos>datos</datos>
                        <extensiontelefonica>000</extensiontelefonica>
                    </empleado>
                </empleados>
            </planta>
            <planta>
                <nombre>planta3</nombre>
                <empleados>
                    <empleado>
                        <nombre>empleado1</nombre>
                        <puesto>puesto</puesto>
                        <datos>datos</datos>
                        <extensiontelefonica>000</extensiontelefonica>
                    </empleado>
                    <empleado>
                        <nombre>empleado2</nombre>
                        <puesto>puesto</puesto>
                        <datos>datos</datos>
                        <extensiontelefonica>000</extensiontelefonica>
                    </empleado>
                    <empleado>
                        <nombre>empleado3</nombre>
                        <puesto>puesto</puesto>
                        <datos>datos</datos>
                        <extensiontelefonica>000</extensiontelefonica>
                    </empleado>
                    <empleado>
                        <nombre>empleado4</nombre>
                        <puesto>puesto</puesto>
                        <datos>datos</datos>
                        <extensiontelefonica>000</extensiontelefonica>
                    </empleado>
                    <empleado>
                        <nombre>empleado5</nombre>
                        <puesto>puesto</puesto>
                        <datos>datos</datos>
                        <extensiontelefonica>000</extensiontelefonica>
                    </empleado>
                </empleados>
            </planta>
        </plantas>
    </edificio>
</empresa>